{
  "pathClasses": [
    {
      "name": "Tumor",
      "color": -3670016
    },
    {
      "name": "Stroma",
      "color": -6895466
    },
    {
      "name": "Immune cells",
      "color": -6268256
    },
    {
      "name": "Necrosis",
      "color": -13487566
    },
    {
      "name": "Other",
      "color": -14336
    },
    {
      "name": "Region*",
      "color": -16777036
    },
    {
      "name": "Ignore*",
      "color": -4934476
    },
    {
      "name": "Positive",
      "color": -377282
    },
    {
      "name": "Negative",
      "color": -9408287
    },
    {
      "name": "DAPI",
      "color": -1
    },
    {
      "name": "IFNg",
      "color": -65536
    },
    {
      "name": "CD56",
      "color": -65281
    },
    {
      "name": "CD3",
      "color": -16711681
    },
    {
      "name": "CD3-",
      "color": -8375475
    },
    {
      "name": "CD3: CD56",
      "color": -8421377
    },
    {
      "name": "Subcellular cluster: Channel 2 object",
      "color": -1
    },
    {
      "name": "Subcellular spot: Channel 2 object",
      "color": -3342337
    },
    {
      "name": "False",
      "color": -7766971
    },
    {
      "name": "True",
      "color": -15533821
    }
  ]
}